"","Jurisdiction","X1998","X1999","X2000","X2001","X2002","X2003","X2004","X2005","X2006","X2007","X2008","X2009","X2010","X2011","X2012","X2013","X2014","X2015"
"1","Afghanistan",NA,NA,NA,NA,NA,NA,NA,2.5,NA,1.8,1.5,1.3,1.4,1.52,8,8,12,11
"2","Albania",NA,2.3,NA,NA,2.5,2.5,2.5,2.4,2.6,2.9,3.4,3.2,3.3,3.05,33,31,33,36
"3","Algeria",NA,NA,NA,NA,NA,2.6,2.7,2.8,3.1,3,3.2,2.8,2.9,2.9,34,36,36,36
"4","Angola",NA,NA,1.7,NA,1.7,1.8,2,2,2.2,2.2,1.9,1.9,1.9,2.01,22,23,19,15
"5","Argentina",3,3,3.5,3.5,2.8,2.5,2.5,2.8,2.9,2.9,2.9,2.9,2.9,3,35,34,34,32
"6","Armenia",NA,2.5,2.5,NA,NA,3,3.1,2.9,2.9,3,2.9,2.7,2.6,2.63,34,36,37,35
"7","Australia",8.7,8.7,8.3,8.5,8.6,8.8,8.8,8.8,8.7,8.6,8.7,8.7,8.7,8.84,85,81,80,79
"8","Austria",7.5,7.6,7.7,7.8,7.8,8,8.4,8.7,8.6,8.1,8.1,7.9,7.9,7.79,69,69,72,76
"9","Azerbaijan",NA,1.7,1.5,2,2,1.8,1.9,2.2,2.4,2.1,1.9,2.3,2.4,2.38,27,28,29,29
"10","Bahamas",NA,NA,NA,NA,NA,NA,NA,NA,NA,NA,NA,NA,NA,7.29,71,71,71,NA
"11","Bahrain",NA,NA,NA,NA,NA,6.1,5.8,5.8,5.7,5,5.4,5.1,4.9,5.11,51,48,49,51
"12","Bangladesh",NA,NA,NA,0.4,1.2,1.3,1.5,1.7,2,2,2.1,2.4,2.4,2.66,26,27,25,25
"13","Barbados",NA,NA,NA,NA,NA,NA,7.3,6.9,6.7,6.9,7,7.4,7.8,7.77,76,75,74,NA
"14","Belarus",3.9,3.4,4.1,NA,4.8,4.2,3.3,2.6,2.1,2.1,2,2.4,2.5,2.42,31,29,31,32
"15","Belgium",5.4,5.3,6.1,6.6,7.1,7.6,7.5,7.4,7.3,7.1,7.3,7.1,7.1,7.49,75,75,76,77
"16","Belize",NA,NA,NA,NA,NA,4.5,3.8,3.7,3.5,3,2.9,NA,NA,NA,NA,NA,NA,NA
"17","Benin",NA,NA,NA,NA,NA,NA,3.2,2.9,2.5,2.7,3.1,2.9,2.8,2.97,36,36,39,37
"18","Bhutan",NA,NA,NA,NA,NA,NA,NA,NA,6,5,5.2,5,5.7,5.74,63,63,65,65
"19","Bolivia",2.8,2.5,2.7,2,2.2,2.3,2.2,2.5,2.7,2.9,3,2.7,2.8,2.76,34,34,35,34
"20","Bosnia and Herzegovina",NA,NA,NA,NA,NA,NA,3.1,2.9,NA,3.3,3.2,3,3.2,3.21,42,42,39,38
"21","Bosnia and Herzgegovina",NA,NA,NA,NA,NA,NA,NA,NA,2.9,NA,NA,NA,NA,NA,NA,NA,NA,NA
"22","Bosnia & Herzegovina",NA,NA,NA,NA,NA,3.3,NA,NA,NA,NA,NA,NA,NA,NA,NA,NA,NA,NA
"23","Botswana",6.1,6.1,6,6,6.4,5.7,6,5.9,5.6,5.4,5.8,5.6,5.8,6.08,65,64,63,63
"24","Brazil",4,4.1,3.9,4,4,3.9,3.9,3.7,3.3,3.5,3.5,3.7,3.7,3.77,43,42,43,38
"25","Brunei",NA,NA,NA,NA,NA,NA,NA,NA,NA,NA,NA,NA,5.5,5.21,55,60,NA,NA
"26","Brunei Darussalam",NA,NA,NA,NA,NA,NA,NA,NA,NA,NA,NA,5.5,NA,NA,NA,NA,NA,NA
"27","Bulgaria",2.9,3.3,3.5,3.9,4,3.9,4.1,4,4,4.1,3.6,3.8,3.6,3.33,41,41,43,41
"28","Burkina Faso",NA,NA,3,NA,NA,NA,NA,3.4,3.2,2.9,3.5,3.6,3.1,3.05,38,38,38,38
"29","Burundi",NA,NA,NA,NA,NA,NA,NA,2.3,2.4,2.5,1.9,1.8,1.8,1.94,19,21,20,21
"30","Cambodia",NA,NA,NA,NA,NA,NA,NA,2.3,2.1,2,1.8,2,2.1,2.11,22,20,21,21
"31","Cameroon",1.4,1.5,2,2,2.2,1.8,2.1,2.2,2.3,2.4,2.3,2.2,2.2,2.45,26,25,27,27
"32","Canada",9.2,9.2,9.2,8.9,9,8.7,8.5,8.4,8.5,8.7,8.7,8.7,8.9,8.67,84,81,81,83
"33","Cape Verde",NA,NA,NA,NA,NA,NA,NA,NA,NA,4.9,5.1,5.1,5.1,5.52,60,58,57,55
"34","Central African Republic",NA,NA,NA,NA,NA,NA,NA,NA,2.4,2,2,2,2.1,2.21,26,25,24,24
"35","Chad",NA,NA,NA,NA,NA,NA,1.7,1.7,2,1.8,1.6,1.6,1.7,2.04,19,19,22,22
"36","Chile",6.8,6.9,7.4,7.5,7.5,7.4,7.4,7.3,7.3,7,6.9,6.7,7.2,7.21,72,71,73,70
"37","China",3.5,3.4,3.1,3.5,3.5,3.4,3.4,3.2,3.3,3.5,3.6,3.6,3.5,3.64,39,40,36,37
"38","Colombia",2.2,2.9,3.2,3.8,3.6,3.7,3.8,4,3.9,3.8,3.8,3.7,3.5,3.45,36,36,37,37
"39","Comoros",NA,NA,NA,NA,NA,NA,NA,NA,NA,2.6,2.5,2.3,2.1,2.41,28,28,26,26
"40","Congo Brazzaville",NA,NA,NA,NA,NA,NA,NA,NA,NA,NA,NA,1.9,NA,NA,NA,NA,NA,NA
"41","Congo-Brazzaville",NA,NA,NA,NA,NA,NA,NA,NA,NA,NA,NA,NA,2.1,NA,NA,NA,NA,NA
"42","Congo Democratic Republic",NA,NA,NA,NA,NA,NA,NA,2.1,2,1.9,NA,NA,NA,NA,NA,NA,NA,NA
"43","Congo. Democratic Republic",NA,NA,NA,NA,NA,NA,2,NA,NA,NA,1.7,NA,NA,NA,NA,NA,NA,NA
"44","Congo Republic",NA,NA,NA,NA,NA,NA,NA,NA,2.2,2.1,NA,NA,NA,NA,26,22,23,23
"45","Congo  Republic",NA,NA,NA,NA,NA,NA,NA,NA,NA,NA,NA,NA,NA,2.15,NA,NA,NA,NA
"46","Congo. Republic",NA,NA,NA,NA,NA,NA,NA,NA,NA,NA,1.9,NA,NA,NA,NA,NA,NA,NA
"47","Congo Republic of",NA,NA,NA,NA,NA,NA,NA,2.3,NA,NA,NA,NA,NA,NA,NA,NA,NA,NA
"48","Congo. Republic of",NA,NA,NA,NA,NA,NA,2.3,NA,NA,NA,NA,NA,NA,NA,NA,NA,NA,NA
"49","Congo Republic of the",NA,NA,NA,NA,NA,2.2,NA,NA,NA,NA,NA,NA,NA,NA,NA,NA,NA,NA
"50","Costa Rica",5.6,5.1,5.4,4.5,4.5,4.3,4.9,4.2,4.1,5,5.1,5.3,5.3,4.8,54,53,54,55
"51","Cote d´Ivoire",NA,NA,NA,2.4,NA,NA,2,NA,NA,NA,NA,NA,NA,NA,NA,NA,NA,NA
"52","Cote d'Ivoire",NA,NA,NA,NA,2.7,2.1,NA,1.9,NA,2.1,NA,NA,NA,NA,NA,NA,NA,NA
"53","Côte d´Ivoire",NA,NA,NA,NA,NA,NA,NA,NA,2.1,NA,2,2.1,2.2,2.23,29,27,32,32
"54","Côte-d'Ivoire",NA,NA,2.7,NA,NA,NA,NA,NA,NA,NA,NA,NA,NA,NA,NA,NA,NA,NA
"55","Croatia",NA,2.7,3.7,3.9,3.8,3.7,3.5,3.4,3.4,4.1,4.4,4.1,4.1,4.03,46,48,48,51
"56","Cuba",NA,NA,NA,NA,NA,4.6,3.7,3.8,3.5,4.2,4.3,4.4,3.7,4.16,48,46,46,47
"57","Cyprus",NA,NA,NA,NA,NA,6.1,5.4,5.7,5.6,5.3,6.4,6.6,6.3,6.27,66,63,63,61
"58","Czech Republic",4.8,4.6,4.3,3.9,3.7,3.9,4.2,4.3,4.8,NA,5.2,4.9,4.6,4.37,49,48,51,56
"59","Czech Republik",NA,NA,NA,NA,NA,NA,NA,NA,NA,5.2,NA,NA,NA,NA,NA,NA,NA,NA
"60","Democratic Republic of Congo",NA,NA,NA,NA,NA,NA,NA,NA,NA,NA,NA,1.9,2,NA,NA,NA,NA,NA
"61","Democratic Republic of the Congo",NA,NA,NA,NA,NA,NA,NA,NA,NA,NA,NA,NA,NA,NA,21,22,22,22
"62","Democratic Republic of the Congo ",NA,NA,NA,NA,NA,NA,NA,NA,NA,NA,NA,NA,NA,2.02,NA,NA,NA,NA
"63","Denmark",10,10,9.8,9.5,9.5,9.5,9.5,9.5,9.5,9.4,9.3,9.3,9.3,9.39,90,91,92,91
"64","Djibouti",NA,NA,NA,NA,NA,NA,NA,NA,NA,2.9,3,2.8,3.2,2.98,36,36,34,34
"65","Dominica",NA,NA,NA,NA,NA,NA,NA,NA,4.5,5.6,6,5.9,5.2,5.17,58,58,58,NA
"66","Dominican Rep",NA,NA,NA,3.1,NA,NA,NA,NA,NA,NA,NA,NA,NA,NA,NA,NA,NA,NA
"67","Dominican Rep.",NA,NA,NA,NA,3.5,NA,NA,NA,NA,NA,NA,NA,NA,NA,NA,NA,NA,NA
"68","Dominican Republic",NA,NA,NA,NA,NA,3.3,2.9,3,2.8,3,3,3,3,2.59,32,29,32,33
"69","Ecuador",2.3,2.4,2.6,2.3,2.2,2.2,2.4,2.5,2.3,2.1,2,2.2,2.5,2.65,32,35,33,32
"70","Egypt",2.9,3.3,3.1,3.6,3.4,3.3,3.2,3.4,3.3,2.9,2.8,2.8,3.1,2.86,32,32,37,36
"71","El Salvador",3.6,3.9,4.1,3.6,3.4,3.7,4.2,4.2,4,4,3.9,3.4,3.6,3.42,38,38,39,39
"72","Equatorial Guinea",NA,NA,NA,NA,NA,NA,NA,1.9,2.1,1.9,1.7,1.8,1.9,1.91,20,19,NA,NA
"73","Eritrea",NA,NA,NA,NA,NA,NA,2.6,2.6,2.9,2.8,2.6,2.6,2.6,2.48,25,20,18,18
"74","Estonia",5.7,5.7,5.7,5.6,5.6,5.5,6,6.4,6.7,6.5,6.6,6.6,6.5,6.35,64,68,69,70
"75","Ethiopia",NA,NA,3.2,NA,3.5,2.5,2.3,2.2,2.4,2.4,2.6,2.7,2.7,2.69,33,33,33,33
"76","Fiji",NA,NA,NA,NA,NA,NA,NA,4,NA,NA,NA,NA,NA,NA,NA,NA,NA,NA
"77","Finland",9.6,9.8,10,9.9,9.7,9.7,9.7,9.6,9.6,9.4,9,8.9,9.2,9.4,90,89,89,90
"78","France",6.7,6.6,6.7,6.7,6.3,6.9,7.1,7.5,7.4,7.3,6.9,6.9,6.8,7.01,71,71,69,70
"79","FYR Macedonia",NA,NA,NA,NA,NA,NA,NA,NA,NA,3.3,NA,3.8,4.1,3.94,NA,NA,NA,NA
"80","Gabon",NA,NA,NA,NA,NA,NA,3.3,2.9,3,3.3,3.1,2.9,2.8,2.98,35,34,37,34
"81","Gambia",NA,NA,NA,NA,NA,2.5,2.8,2.7,2.5,2.3,1.9,2.9,3.2,3.51,34,28,29,28
"82","Georgia",NA,2.3,NA,NA,2.4,1.8,2,2.3,2.8,3.4,3.9,4.1,3.8,4.13,52,49,52,52
"83","Germany",7.9,8,7.6,7.4,7.3,7.7,8.2,8.2,8,7.8,7.9,8,7.9,8.05,79,78,79,81
"84","Ghana",3.3,3.3,3.5,3.4,3.9,3.3,3.6,3.5,3.3,3.7,3.9,3.9,4.1,3.85,45,46,48,47
"85","Greece",4.9,4.9,4.9,4.2,4.2,4.3,4.3,4.3,4.4,4.6,4.7,3.8,3.5,3.39,36,40,43,46
"86","Grenada",NA,NA,NA,NA,NA,NA,NA,NA,3.5,3.4,NA,NA,NA,NA,NA,NA,NA,NA
"87","Guatemala",3.1,3.2,NA,2.9,2.5,2.4,2.2,2.5,2.6,2.8,3.1,3.4,3.2,2.73,33,29,32,28
"88","Guinea",NA,NA,NA,NA,NA,NA,NA,NA,1.9,1.9,1.6,1.8,2,2.11,24,24,25,25
"89","Guinea-Bissau",NA,NA,NA,NA,NA,NA,NA,NA,NA,2.2,1.9,1.9,2.1,2.2,25,19,19,17
"90","Guyana",NA,NA,NA,NA,NA,NA,NA,2.5,2.5,2.6,2.6,2.6,2.7,2.49,28,27,30,29
"91","Haiti",NA,NA,NA,NA,2.2,1.5,1.5,1.8,1.8,1.6,1.4,1.8,2.2,1.8,19,19,19,17
"92","Honduras",1.7,1.8,NA,2.7,2.7,2.3,2.3,2.6,2.5,2.5,2.6,2.5,2.4,2.59,28,26,29,31
"93","Hong Kong",7.8,7.7,7.7,7.9,8.2,8,8,8.3,8.3,8.3,8.1,8.2,8.4,8.39,77,75,74,75
"94","Hungary",5,5.2,5.2,5.3,4.9,4.8,4.8,5,5.2,5.3,5.1,5.1,4.7,4.56,55,54,54,51
"95","Iceland",9.3,9.2,9.1,9.2,9.4,9.6,9.5,9.7,9.6,9.2,8.9,8.7,8.5,8.27,82,78,79,79
"96","India",2.9,2.9,2.8,2.7,2.7,2.8,2.8,2.9,3.3,3.5,3.4,3.4,3.3,3.1,36,36,38,38
"97","Indonesia",2,1.7,1.7,1.9,1.9,1.9,2,2.2,2.4,2.3,2.6,2.8,2.8,3.03,32,32,34,36
"98","Iran",NA,NA,NA,NA,NA,3,2.9,2.9,2.7,2.5,2.3,1.8,2.2,2.72,28,25,27,27
"99","Iraq",NA,NA,NA,NA,NA,2.2,2.1,2.2,1.9,1.5,1.3,1.5,1.5,1.8,18,16,16,16
"100","Ireland",8.2,7.7,7.2,7.5,6.9,7.5,7.5,7.4,7.4,7.5,7.7,8,8,7.54,69,72,74,75
"101","Israel",7.1,6.8,6.6,7.6,7.3,7,6.4,6.3,5.9,6.1,6,6.1,6.1,5.81,60,61,60,61
"102","Italy",4.6,4.7,4.6,5.5,5.2,5.3,4.8,5,4.9,5.2,4.8,4.3,3.9,3.91,42,43,43,44
"103","Ivory Coast",3.1,2.6,NA,NA,NA,NA,NA,NA,NA,NA,NA,NA,NA,NA,NA,NA,NA,NA
"104","Jamaica",3.8,3.8,NA,NA,4,3.8,3.3,3.6,3.7,3.3,3.1,3,3.3,3.34,38,38,38,41
"105","Japan",5.8,6,6.4,7.1,7.1,7,6.9,7.3,7.6,7.5,7.3,7.7,7.8,8.04,74,74,76,75
"106","Jordan",4.7,4.4,4.6,4.9,4.5,4.6,5.3,5.7,5.3,4.7,5.1,5,4.7,4.49,48,45,49,53
"107","Kazakhstan",NA,2.3,3,2.7,2.3,2.4,2.2,2.6,2.6,2.1,2.2,2.7,2.9,2.69,28,26,29,28
"108","Kenya",2.5,2,2.1,2,1.9,1.9,2.1,2.1,2.2,2.1,2.1,2.2,2.1,2.24,27,27,25,25
"109","Kiribati",NA,NA,NA,NA,NA,NA,NA,NA,NA,3.3,3.1,2.8,3.2,3.08,NA,NA,NA,NA
"110","Korea (North)",NA,NA,NA,NA,NA,NA,NA,NA,NA,NA,NA,NA,NA,1.01,8,8,8,8
"111","Korea (South)",NA,NA,NA,NA,NA,NA,NA,NA,NA,NA,NA,5.5,5.4,5.36,56,55,55,56
"112","Kosovo",NA,NA,NA,NA,NA,NA,NA,NA,NA,NA,NA,NA,2.8,2.85,34,33,33,33
"113","Kuwait",NA,NA,NA,NA,NA,5.3,4.6,4.7,4.8,NA,4.3,4.1,4.5,4.62,44,43,44,49
"114","Kuweit",NA,NA,NA,NA,NA,NA,NA,NA,NA,4.3,NA,NA,NA,NA,NA,NA,NA,NA
"115","Kyrgyz Republic",NA,2.2,NA,NA,NA,NA,NA,NA,NA,NA,NA,NA,NA,NA,NA,NA,NA,NA
"116","Kyrgyzstan",NA,NA,NA,NA,NA,2.1,2.2,2.3,2.2,2.1,1.8,1.9,2,2.12,24,24,27,28
"117","Laos",NA,NA,NA,NA,NA,NA,NA,3.3,2.6,1.9,2,2,2.1,2.21,21,26,25,25
"118","Latvia",2.7,3.4,3.4,3.4,3.7,3.8,4,4.2,4.7,4.8,5,4.5,4.3,4.19,49,53,55,55
"119","Lebanon",NA,NA,NA,NA,NA,3,2.7,3.1,3.6,3,3,2.5,2.5,2.49,30,28,27,28
"120","Lesotho",NA,NA,NA,NA,NA,NA,NA,3.4,3.2,3.3,3.2,3.3,3.5,3.52,45,49,49,44
"121","Liberia",NA,NA,NA,NA,NA,NA,NA,2.2,NA,2.1,2.4,3.1,3.3,3.19,41,38,37,37
"122","Libya",NA,NA,NA,NA,NA,2.1,2.5,2.5,2.7,2.5,2.6,2.5,2.2,2.01,21,15,18,16
"123","Lithuania",NA,3.8,4.1,4.8,4.8,4.7,4.6,4.8,4.8,4.8,4.6,4.9,5,4.75,54,57,58,61
"124","Luxembourg",8.7,8.8,8.6,8.7,9,8.7,8.4,8.5,8.6,8.4,8.3,8.2,8.5,8.51,80,80,82,81
"125","Macau",NA,NA,NA,NA,NA,NA,NA,NA,6.6,5.7,5.4,5.3,5,5.11,NA,NA,NA,NA
"126","Macedonia",NA,3.3,NA,NA,NA,2.3,2.7,2.7,2.7,NA,NA,NA,NA,NA,43,44,NA,NA
"127","Macedonia (Former Yugoslav Republic of)",NA,NA,NA,NA,NA,NA,NA,NA,NA,NA,3.6,NA,NA,NA,NA,NA,NA,NA
"128","Madagascar",NA,NA,NA,NA,1.7,2.6,3.1,2.8,3.1,3.2,3.4,3,2.6,3.04,32,28,28,28
"129","Malawi",4.1,4.1,4.1,3.2,2.9,2.8,2.8,2.8,2.7,2.7,2.8,3.3,3.4,3,37,37,33,31
"130","Malaysia",5.3,5.1,4.8,5,4.9,5.2,5,5.1,5,5.1,5.1,4.5,4.4,4.31,49,50,52,50
"131","Maldives",NA,NA,NA,NA,NA,NA,NA,NA,NA,3.3,2.8,2.5,2.3,2.47,NA,NA,NA,NA
"132","Mali",NA,NA,NA,NA,NA,3,3.2,2.9,2.8,2.7,3.1,2.8,2.7,2.76,34,28,32,35
"133","Malta",NA,NA,NA,NA,NA,NA,6.8,6.6,6.4,5.8,5.8,5.2,5.6,5.59,57,56,55,56
"134","Mauritania",NA,NA,NA,NA,NA,NA,NA,NA,3.1,2.6,2.8,2.5,2.3,2.43,31,30,30,31
"135","Mauritius",5,4.9,4.7,4.5,4.5,4.4,4.1,4.2,5.1,4.7,5.5,5.4,5.4,5.07,57,52,54,53
"136","Mexico",3.3,3.4,3.3,3.7,3.6,3.6,3.6,3.5,3.3,3.5,3.6,3.3,3.1,2.97,34,34,35,35
"137","Moldova",NA,2.6,2.6,3.1,2.1,2.4,2.3,2.9,3.2,NA,2.9,3.3,2.9,2.88,36,35,35,33
"138","Moldovaa",NA,NA,NA,NA,NA,NA,NA,NA,NA,2.8,NA,NA,NA,NA,NA,NA,NA,NA
"139","Mongolia",NA,4.3,NA,NA,NA,NA,3,3,2.8,3,3,2.7,2.7,2.68,36,38,39,39
"140","Montenegro",NA,NA,NA,NA,NA,NA,NA,NA,NA,3.3,3.4,3.9,3.7,3.97,41,44,42,44
"141","Morocco",3.7,4.1,4.7,NA,3.7,3.3,3.2,3.2,3.2,3.5,3.5,3.3,3.4,3.44,37,37,39,36
"142","Mozambique",NA,3.5,2.2,NA,NA,2.7,2.8,2.8,2.8,2.8,2.6,2.5,2.7,2.69,31,30,31,31
"143","Myanmar",NA,NA,NA,NA,NA,1.6,1.7,1.8,1.9,1.4,1.3,1.4,1.4,1.49,15,21,21,22
"144","Namibia",5.3,5.3,5.4,5.4,5.7,4.7,4.1,4.3,4.1,4.5,4.5,4.5,4.4,4.43,48,48,49,53
"145","Nepal",NA,NA,NA,NA,NA,NA,2.8,2.5,2.5,2.5,2.7,2.3,2.2,2.21,27,31,29,27
"146","Netherlands",9,9,8.9,8.8,9,8.9,8.7,8.6,8.7,9,8.9,8.9,8.8,8.89,84,83,83,87
"147","New Zealand",9.4,9.4,9.4,9.4,9.5,9.5,9.6,9.6,9.6,9.4,9.3,9.4,9.3,9.46,90,91,91,88
"148","Nicaragua",3,3.1,NA,2.4,2.5,2.6,2.7,2.6,2.6,2.6,2.5,2.5,2.5,2.53,29,28,28,27
"149","Niger",NA,NA,NA,NA,NA,NA,2.2,2.4,2.3,2.6,2.8,2.9,2.6,2.54,33,34,35,34
"150","Nigeria",1.9,1.6,1.2,1,1.6,1.4,1.6,1.9,2.2,2.2,2.7,2.5,2.4,2.45,27,25,27,26
"151","Norway",9,8.9,9.1,8.6,8.5,8.8,8.9,8.9,8.8,8.7,7.9,8.6,8.6,8.99,85,86,86,87
"152","Oman",NA,NA,NA,NA,NA,6.3,6.1,6.3,5.4,4.7,5.5,5.5,5.3,4.83,47,47,45,45
"153","Pakistan",2.7,2.2,NA,2.3,2.6,2.5,2.1,2.1,2.2,2.4,2.5,2.4,2.3,2.47,27,28,29,30
"154","Palestine",NA,NA,NA,NA,NA,3,NA,2.6,NA,NA,NA,NA,NA,NA,NA,NA,NA,NA
"155","Palestinian Authority",NA,NA,NA,NA,NA,NA,2.5,NA,NA,NA,NA,NA,NA,NA,NA,NA,NA,NA
"156","Panama",NA,NA,NA,3.7,3,3.4,3.7,3.5,3.1,3.2,3.4,3.4,3.6,3.27,38,35,37,39
"157","Papua New Guinea",NA,NA,NA,NA,NA,2.1,2.6,2.3,2.4,2,2,2.1,2.1,2.17,25,25,25,25
"158","Paraguay",1.5,2,NA,NA,1.7,1.6,1.9,2.1,2.6,2.4,2.4,2.1,2.2,2.22,25,24,24,27
"159","Peru",4.5,4.5,4.4,4.1,4,3.7,3.5,3.5,3.3,3.5,3.6,3.7,3.5,3.39,38,38,38,36
"160","Philippines",3.3,3.6,2.8,2.9,2.6,2.5,2.6,2.5,2.5,2.5,2.3,2.4,2.4,2.64,34,36,38,35
"161","Poland",4.6,4.2,4.1,4.1,4,3.6,3.5,3.4,3.7,4.2,4.6,5,5.3,5.48,58,60,61,62
"162","Portugal",6.5,6.7,6.4,6.3,6.3,6.6,6.3,6.5,6.6,6.5,6.1,5.8,6,6.1,63,62,63,63
"163","Puerto Rico",NA,NA,NA,NA,NA,NA,NA,NA,NA,NA,5.8,5.8,5.8,5.59,63,62,63,NA
"164","Qatar",NA,NA,NA,NA,NA,5.6,5.2,5.9,6,6,6.5,7,7.7,7.16,68,68,69,71
"165","Romania",3,3.3,2.9,2.8,2.6,2.8,2.9,3,3.1,3.7,3.8,3.8,3.7,3.61,44,43,43,46
"166","Russia",2.4,2.4,2.1,2.3,2.7,2.7,2.8,2.4,2.5,2.3,2.1,2.2,2.1,2.45,28,28,27,29
"167","Rwanda",NA,NA,NA,NA,NA,NA,NA,3.1,2.5,2.8,3,3.3,4,4.98,53,53,49,54
"168","Saint Lucia",NA,NA,NA,NA,NA,NA,NA,NA,NA,6.8,7.1,7,NA,7.02,71,71,NA,NA
"169","Saint Vincent and the Grenadines",NA,NA,NA,NA,NA,NA,NA,NA,NA,6.1,6.5,6.4,NA,5.76,62,62,67,NA
"170","Samoa",NA,NA,NA,NA,NA,NA,NA,NA,NA,4.5,4.4,4.5,4.1,3.88,NA,NA,52,NA
"171","Sao Tome and Principe",NA,NA,NA,NA,NA,NA,NA,NA,NA,2.7,2.7,2.8,3,NA,42,42,42,42
"172","Sao Tome & Principe",NA,NA,NA,NA,NA,NA,NA,NA,NA,NA,NA,NA,NA,2.99,NA,NA,NA,NA
"173","Saudi Arabia",NA,NA,NA,NA,NA,4.5,3.4,3.4,3.3,3.4,3.5,4.3,4.7,4.39,44,46,49,52
"174","Senegal",3.3,3.4,3.5,2.9,3.1,3.2,3,3.2,3.3,3.6,3.4,3,2.9,2.87,36,41,43,44
"175","Serbia",NA,NA,NA,NA,NA,NA,NA,NA,3,3.4,3.4,3.5,3.5,3.31,39,42,41,40
"176","Serbia and Montenegro",NA,NA,NA,NA,NA,NA,2.7,2.8,NA,NA,NA,NA,NA,NA,NA,NA,NA,NA
"177","Serbia & Montenegro",NA,NA,NA,NA,NA,2.3,NA,NA,NA,NA,NA,NA,NA,NA,NA,NA,NA,NA
"178","Seychelles",NA,NA,NA,NA,NA,NA,4.4,4,3.6,4.5,4.8,4.8,4.8,4.82,52,54,55,55
"179","Sierra Leone",NA,NA,NA,NA,NA,2.2,2.3,2.4,2.2,2.1,1.9,2.2,2.4,2.46,31,30,31,29
"180","Singapore",9.1,9.1,9.1,9.2,9.3,9.4,9.3,9.4,9.4,9.3,9.2,9.2,9.3,9.17,87,86,84,85
"181","Slovakia",NA,NA,NA,NA,NA,3.7,4,4.3,4.7,4.9,5,4.5,4.3,3.97,46,47,50,51
"182","Slovak Republic",3.9,3.7,3.5,3.7,3.7,NA,NA,NA,NA,NA,NA,NA,NA,NA,NA,NA,NA,NA
"183","Slovenia",NA,6,5.5,5.2,6,5.9,6,6.1,6.4,6.6,6.7,6.6,6.4,5.87,61,57,58,60
"184","Solomon Islands",NA,NA,NA,NA,NA,NA,NA,NA,NA,2.8,2.9,2.8,2.8,2.71,NA,NA,NA,NA
"185","Somalia",NA,NA,NA,NA,NA,NA,NA,2.1,NA,1.4,1,1.1,1.1,0.98,8,8,8,8
"186","South Africa",5.2,5,5,4.8,4.8,4.4,4.6,4.5,4.6,5.1,4.9,4.7,4.5,4.08,43,42,44,44
"187","South Korea",4.2,3.8,4,4.2,4.5,4.3,4.5,5,5.1,5.1,5.6,NA,NA,NA,NA,NA,NA,NA
"188","South Sudan",NA,NA,NA,NA,NA,NA,NA,NA,NA,NA,NA,NA,NA,NA,NA,14,15,15
"189","Spain",6.1,6.6,7,7,7.1,6.9,7.1,7,6.8,6.7,6.5,6.1,6.1,6.23,65,59,60,58
"190","Sri Lanka",NA,NA,NA,NA,3.7,3.4,3.5,3.2,3.1,3.2,3.2,3.1,3.2,3.3,40,37,38,37
"191","Sudan",NA,NA,NA,NA,NA,2.3,2.2,2.1,2,1.8,1.6,1.5,1.6,1.56,13,11,11,12
"192","Suriname",NA,NA,NA,NA,NA,NA,4.3,3.2,3,3.5,3.6,3.7,NA,3.03,37,36,36,36
"193","Swaziland",NA,NA,NA,NA,NA,NA,NA,2.7,2.5,3.3,3.6,3.6,3.2,3.08,37,39,43,NA
"194","Sweden",9.5,9.4,9.4,9,9.3,9.3,9.2,9.2,9.2,9.3,9.3,9.2,9.2,9.3,88,89,87,89
"195","Switzerland",8.9,8.9,8.6,8.4,8.5,8.8,9.1,9.1,9.1,9,9,9,8.7,8.8,86,85,86,86
"196","Syria",NA,NA,NA,NA,NA,3.4,3.4,3.4,2.9,2.4,2.1,2.6,2.5,2.56,26,17,20,18
"197","Taijikistan",NA,NA,NA,NA,NA,NA,NA,NA,NA,NA,2,NA,NA,NA,NA,NA,NA,NA
"198","Taiwan",5.3,5.6,5.5,5.9,5.6,5.7,5.6,5.9,5.9,5.7,5.7,5.6,5.8,6.14,61,61,61,62
"199","Tajikistan",NA,NA,NA,NA,NA,1.8,2,2.1,2.2,2.1,NA,2,2.1,2.27,22,22,23,26
"200","Tanzania",1.9,1.9,2.5,2.2,2.7,2.5,2.8,2.9,2.9,3.2,3,2.6,2.7,2.95,35,33,31,30
"201","Thailand",3,3.2,3.2,3.2,3.2,3.3,3.6,3.8,3.6,3.3,3.5,3.4,3.5,3.38,37,35,38,38
"202","The FYR of Macedonia",NA,NA,NA,NA,NA,NA,NA,NA,NA,NA,NA,NA,NA,NA,NA,NA,45,42
"203","The United States Of America",NA,NA,NA,NA,NA,NA,NA,NA,NA,NA,NA,NA,NA,NA,NA,NA,NA,76
"204","Timor-Leste",NA,NA,NA,NA,NA,NA,NA,NA,2.6,2.6,2.2,2.2,2.5,2.38,33,30,28,28
"205","Togo",NA,NA,NA,NA,NA,NA,NA,NA,2.4,2.3,2.7,2.8,2.4,2.38,30,29,29,32
"206","Tonga",NA,NA,NA,NA,NA,NA,NA,NA,NA,1.7,2.4,3,3,3.14,NA,NA,NA,NA
"207","Trinidad and Tobago",NA,NA,NA,NA,NA,4.6,4.2,3.8,3.2,3.4,3.6,3.6,3.6,3.17,39,38,38,39
"208","Trinidad & Tobago",NA,NA,NA,5.3,4.9,NA,NA,NA,NA,NA,NA,NA,NA,NA,NA,NA,NA,NA
"209","Tunisia",5,5,5.2,5.3,4.8,4.9,5,4.9,4.6,4.2,4.4,4.2,4.3,3.76,41,41,40,38
"210","Turkey",3.4,3.6,3.8,3.6,3.2,3.1,3.2,3.5,3.8,4.1,4.6,4.4,4.4,4.21,49,50,45,42
"211","Turkmenistan",NA,NA,NA,NA,NA,NA,2,1.8,2.2,2,1.8,1.8,1.6,1.6,17,17,17,18
"212","Uganda",2.6,2.2,2.3,1.9,2.1,2.2,2.6,2.5,2.7,2.8,2.6,2.5,2.5,2.43,29,26,26,25
"213","Ukraine",2.8,2.6,1.5,2.1,2.4,2.3,2.2,2.6,2.8,2.7,2.5,2.2,2.4,2.3,26,25,26,27
"214","United Arab Emirates",NA,NA,NA,NA,NA,5.2,6.1,6.2,6.2,5.7,5.9,6.5,6.3,6.82,68,69,70,70
"215","United Kingdom",8.7,8.6,8.7,8.3,8.7,8.7,8.6,8.6,8.6,8.4,7.7,7.7,7.6,7.78,74,76,78,81
"216","United States",7.5,NA,NA,NA,NA,NA,NA,NA,NA,NA,NA,7.5,7.1,7.14,73,73,74,NA
"217","Uruguay",4.3,4.4,NA,5.1,5.1,5.5,6.2,5.9,6.4,6.7,6.9,6.7,6.9,7.04,72,73,73,74
"218","USA",NA,7.5,7.8,7.6,7.7,7.5,7.5,7.6,7.3,7.2,7.3,NA,NA,NA,NA,NA,NA,NA
"219","Uzbekistan",NA,1.8,2.4,2.7,2.9,2.4,2.3,2.2,2.1,1.7,1.8,1.7,1.6,1.62,17,17,18,19
"220","Vanuatu",NA,NA,NA,NA,NA,NA,NA,NA,NA,3.1,2.9,3.2,3.6,3.53,NA,NA,NA,NA
"221","Venezuela",2.3,2.6,2.7,2.8,2.5,2.4,2.3,2.3,2.3,2,1.9,1.9,2,1.89,19,20,19,17
"222","Vietnam",2.5,2.6,2.5,2.6,2.4,2.4,2.6,2.6,NA,NA,NA,2.7,2.7,2.86,31,31,31,31
"223","Viet Nam",NA,NA,NA,NA,NA,NA,NA,NA,2.6,2.6,2.7,NA,NA,NA,NA,NA,NA,NA
"224","Yemen",NA,NA,NA,NA,NA,2.6,2.4,2.7,2.6,2.5,2.3,2.1,2.2,2.08,23,18,19,18
"225","Yugoslavia",3,2,1.3,NA,NA,NA,NA,NA,NA,NA,NA,NA,NA,NA,NA,NA,NA,NA
"226","Zambia",3.5,3.5,3.4,2.6,2.6,2.5,2.6,2.6,2.6,2.6,2.8,3,3,3.2,37,38,38,38
"227","Zimbabwe",4.2,4.1,3,2.9,2.7,2.3,2.3,2.6,2.4,2.1,1.8,2.2,2.4,2.23,20,21,21,21
